AGUAS-A.SN,ANDINA-B.SN,BCI.SN,BSANTANDER.SN,CAP.SN,CENCOMALLS.SN,CMPC.SN,ENELCHILE.SN,ENTEL.SN,FALABELLA.SN,ITAUCL.SN,MALLPLAZA.SN,PARAUCO.SN,RIPLEY.SN,SQM-B.SN
0.022343764624695204,0.04067645242762871,0.016007512035334417,0.011166409205195127,-0.03190412117324287,-0.003001526665643864,0.0008435807085367406,0.026971028779144764,0.003278237284415764,0.033508122875440804,-0.016544343276813506,0.02075101342694464,0.007336473135425827,0.023349235740900084,-0.011413815858978476
-0.12005692179464128,-0.05554011924467686,-0.06709873544378171,-0.10700274176457364,-0.09281121293688194,-0.1544138855652328,-0.06889657673376798,-0.10127455084898741,0.030481792053489457,-0.1392879910798947,-0.13819630845397957,-0.10737681407071234,-0.1250188748053521,-0.14112653563422015,-0.146220470264142
0.037499305834511755,-0.006555093910736991,0.027902944707768648,0.010321641419870558,-0.07560625375915067,0.02415262191856699,-0.00047198836048055996,-0.0073183719027507576,-0.04030926771433074,0.015260492204204055,-0.032536518425366576,0.0021191431739572453,0.019959525578486716,-0.009168936561064015,0.01190421536824724
-0.008053140022901488,-0.008640149352017653,-0.022544113887755967,-0.00316971666652815,-0.030632501380580136,-0.033817104698614264,-0.0034216903492386404,-0.023621614828745318,-0.009868689861994991,-0.0418180654221336,-0.037510581016720286,-0.03147546876921318,-0.01378756359926902,-0.04781932173786529,-0.020867867718307315
-0.021278261884688916,0.03035796277147407,-0.010117772816465746,-0.0019008059765831934,0.06804539123277896,0.07228265153751166,-0.014657270577951971,0.07456290999411247,0.059557131750065065,0.052616584148417606,-0.003889434104934478,0.05798943203234413,0.02757639811637846,0.06729806786350852,-0.030179161289785685
0.00654334394877479,0.0951983186828631,0.07705766648452507,0.05974081913386849,-0.08236057752752234,0.03143452766515505,0.016776482260961116,0.061549771861859295,0.036821799820795635,0.050856816413692274,0.016714264196865093,0.05715753203485716,0.012980543921134612,0.052033539083738735,0.012907197288536473
-0.021897432885803522,-0.019784512821126195,-0.01475495692337497,-0.0006788318864356636,0.026963364545651163,-0.024031251432317945,0.00450689578374746,0.013637369746565885,-0.018483680367929637,0.006327942531105469,-0.036455931101000365,-0.03818223755513987,-0.04574107751834414,-0.012425999193186883,0.00929737367378277
-0.015890512092052493,0.026413630169674497,-0.00730304092862683,0.008214128273596898,0.02865069521126976,0.04629543301144883,0.01327521785756219,0.01420757559140042,0.01598350965068062,0.047289449911377825,0.019573144837138512,0.03349020757917188,0.03919875149123032,0.03963379921316681,0.028255674239139286
-0.001145826101389852,-0.0032978131596364626,0.008393268991222844,0.006828854006876604,0.006861475210372528,0.04343458870634918,-0.011980862682215897,0.012276247247880736,-0.001490836005122151,0.029463538111338766,0.023120652397465188,0.06495570135038538,0.03438346186541783,0.012437059969795501,-0.005652493268957613
0.09465470187708265,0.04688144409560028,0.08701553124172332,0.011252255493797882,0.056893519195557594,0.08058984081276642,0.004760020935597969,0.07387539753423758,-0.007879705027033503,0.054270935260523435,0.059337734015389956,0.08513571157913141,0.08871886354152987,0.07920784377925313,0.05894967216050716
-0.02987930634490056,-0.043429415857686636,-0.0762753355231051,-0.04462173972116268,-0.08101965405533225,-0.02317314753261057,-0.06558443940673533,-0.019124238576008805,-0.04095160093190349,-0.02076666773997916,-0.0367133899416714,-0.0667628990447397,-0.027722149950899545,-0.13935103011382205,-0.046460573175845725
-0.018902425094313672,-0.008784572507600969,0.06733016592181067,0.025879722837598148,0.03226552519083476,-0.009254418932090431,0.07413016116661171,-0.004919403873750824,-0.0700435376090457,-0.012797723821668596,-0.03736501575132296,-0.013991972704554458,0.003917533058443959,-0.008607801856943554,-0.004113602695637597
-0.010775271262970216,-0.06896671378058909,-0.031684096692932595,-0.08330137729077233,-0.1628583169686555,0.001535979819151922,-0.03259947362060448,-0.12680456726317887,-0.04545521043790281,-0.09048770530508583,-0.03181976200479253,-0.07999940525738575,-0.09832607364532014,-0.033859468741593554,-0.04482775116286422
0.001419500879268249,0.013624142274928199,0.008531811932234576,-0.0075351039651615995,-0.022339296345271317,0.026033956005269438,0.024605807213722426,0.018974523993308266,-0.013511291953436937,0.0037553855445173014,-0.0031892031528288614,-0.006474922232611559,-0.03567009930728882,-0.012075443466735789,0.07906066392986408
-0.03468342344817049,-0.002544765096661345,0.021344831307096246,0.015820986862377488,0.008207970436628869,0.019525268177910806,0.06421935483648396,0.12437495881479031,-0.031795854613375495,-0.01663668713502084,-0.05263907239067584,-0.023872710599455102,-0.04082012425275745,-0.021357283150353037,-0.04355304912179833
0.0209712179305612,-0.01872627084011018,0.026860096769826418,0.023068266801759482,0.006351316941484654,0.05494847878960354,0.024137906670127354,0.01673084959028866,0.05487317514187533,-0.01046953816400003,0.00027080975715060675,0.03375202580514904,0.04367286013706918,-0.005145183941223704,0.07377010207165756
-0.05212396442814579,-0.023025889701099218,-0.04251903296689831,-0.05699716212786556,-0.0018837587929068948,-0.09466422162381036,-0.06009888654270555,-0.04266906854876095,-0.053091106589142206,-0.030427694709817998,-0.018533182813307594,-0.05851862140266708,-0.02778995836290472,-0.032682655647137716,-0.005152631579381475
0.038661735885810546,-0.007477881820296233,-0.011197288991432445,0.02163581469088028,-0.06750150743758036,0.015186308713322624,0.054398591084354034,0.027403816942699766,-0.0032485995059723773,0.05623053755415323,-0.012773635544618562,-0.021774470944230077,0.022558024051823174,-0.053017763585908616,0.09915328111814539
-0.04550174390061961,0.019981177941601813,-0.05424986952531873,-0.03656384217800514,0.014438799792432374,-0.035295618820200644,-0.014673213301127468,0.0018234156449731796,-0.005815881829258667,-0.02001136669150928,-0.0420925800813657,-0.0043623179426034555,-0.1487172998091417,-0.055339965200004976,-0.0032585161118766355
-0.01112040625098105,0.03796528709640767,0.03899496958486097,0.03801190545490232,0.01526379421908281,0.019354347568588403,0.05924732902273494,0.06505124625159195,0.0018347189899956522,0.060329926471323785,0.020148235208157,0.029136557109259373,-0.00734998568890236,0.0813241794835051,0.08475490002626118
0.026298343661493293,-0.0022119823442346724,-0.020936106208631164,0.005563861842883388,0.024951602104572375,0.0002247890197155239,0.02584935111724484,0.004934021724358885,0.00383847407778567,0.024427307494144,-0.004070335654142789,-0.004954022736364451,0.02981769996800444,0.022284720260764994,-0.015674624534236806
0.018171818252415532,0.05560922623768546,-0.040583121343698104,0.02058625851117789,0.10262548610299241,0.004923116749028095,0.007814604761471796,-0.05577911271913553,-0.045011990811592885,-0.02791137011366555,0.00803444899586899,0.0503608678747005,0.04048366632217389,-0.010609140537698684,0.030200291683089707
0.0333779719293156,-0.0010477071537263283,0.053983073229241035,0.04385243109679866,0.009953440630523532,0.04461518838574601,0.030056063358849878,0.0263447251322555,0.08492202066455577,0.03625133940588836,0.01973651654041128,0.0339589953849903,0.02319803742191404,0.015819126639976356,0.04365191158191883
0.023004968367414624,0.029897620912957473,0.016174866793099207,0.0027478915807258022,0.01739564928965843,0.007512889121659049,-0.02353386910789542,0.09686875076444935,-0.008158044145553415,-0.049411655844387045,-0.03728238056191521,0.06320527203859215,0.044688878595338107,0.008518086876344118,-0.010664055733340424
-0.02494800682163884,0.04453335601004028,0.03540671348019237,0.040863070176595837,-0.007373715105666895,0.011698704738139103,-0.003092659877897324,-0.010832622912510132,-0.04554172824966007,0.03065188649038025,0.04577030042179779,0.03417710282916467,-0.011756684348542825,-0.02709214929311373,0.056367519749302396
-0.0008267427012964287,-0.011557420390230708,0.034226462123182665,0.035407396251644796,0.017329075698145856,0.02242275305366959,0.0015380630337061497,0.0037807985454235376,0.000980697150134394,0.010728695139135588,0.017530646953217568,0.07138265202863538,0.037249469997377015,0.027424984410652994,0.020129042368113352
0.1771134819698901,0.004389907160928583,0.05770353311887049,0.05995574619643731,0.1585513434592656,0.09862494065502812,0.036202832414569584,0.06162331765137686,-0.01289462436328596,0.06479632115845807,0.1013715280221673,0.038981149854283664,0.054391410897315,0.044101128041280364,0.07074720174465103
0.0368989712718999,-0.04548570592422292,0.007001037837096337,0.03406341858271471,0.05878368206808251,0.07644371172233944,0.023498418503643682,0.02055756176287216,-0.004503496235739135,0.06269614003623282,5.969075200628585e-05,0.06826926124811217,0.045673769768066814,0.006712728961222896,0.01255549076806766
-0.010316577188839287,0.013733305613123829,0.03578760587813381,0.0020273211747268384,0.042692009521817446,0.030100657206946203,-0.016974148593522538,0.001952656055638521,0.007840459436487635,0.013070627886690837,-0.011838916643397627,0.024563172398543873,-0.011702235260242003,-0.02583271352900411,0.027201371086725178
0.030566655451242628,-0.02263033309174198,-0.03687501374292429,-0.04377225134741563,-0.16031201225778446,-0.0494020779726246,-0.050112082372809355,-0.13250425136154093,-0.07791316657012796,-0.07659846839794726,-0.02590589108420768,-0.051282041928429827,-0.06863279709665536,-0.02613396550027513,-0.11523285651620689
0.012970170212709738,0.053221808557795944,-0.0180091571835068,0.012400444572158591,0.039578341757906484,0.012525259823941575,0.0058160245509109336,-0.036906803368051064,-0.012775268174166608,-0.011144985481292348,-0.00104234129901709,0.01999065103943908,-0.03371470153000602,-0.004574367691177047,-0.057100678571583574
0.01758709122989772,0.10104837981946982,0.03252281549505755,0.025727535712242067,0.06306305617666622,0.06123122941263082,0.0295946824732026,-0.011128251829320356,0.019819942299086596,0.05583213882932347,0.047141279937865516,0.014745100400813302,0.008744797341687004,-0.011118320639622687,-0.023207362454862882
-0.03025567747141177,-0.04392527498104127,-0.07514671266415382,-0.04392058168868363,-0.08134952337967022,-0.023763174857733806,-0.065553558250782,-0.0190777646896348,-0.04115134193340675,-0.02070626656183517,-0.03729593171713101,-0.06704768540406514,-0.027418770130802742,-0.13976727172889727,-0.047274874299669
-0.01167061200728054,0.08174037455976199,0.022642531230619826,0.01548789354319657,-0.009948151601472692,0.0725779835951747,0.03072583017819054,0.03176014568431506,0.08009522193838753,-0.018983057094843988,-0.016023122486099228,0.04363045503399024,0.05424393432333169,0.0010601046300065292,-0.050203411280146056
-0.05482739253852509,-0.02431397992596979,-0.04846905385521503,-0.056988043441358945,-0.10413040429526378,-0.001393932187247664,-0.02294359531810183,-0.0014640001203546037,0.06143115925727342,-0.02391308199056745,-0.014148570102598247,0.020112552922964468,0.010163947916905924,-0.017487985283047496,0.013376376674039023
0.0011445404367557005,0.020643061144793008,0.004730136182881318,0.007777357025087156,-0.00018134940993327518,0.03802310743264897,0.04836110969216364,0.025230959077529112,-0.012693764699535731,0.019695842151945985,-0.003053776492163314,0.0007830321273836448,-0.01849058626226578,-0.014306238349679408,0.07011237917929154
0.0038872847107201897,-0.014103233068514248,0.07134960410495594,0.03934093697018653,-0.0811834729526181,-0.029194395702480624,0.03046739807772555,0.042609865201100494,0.05443693374180359,0.19479480872764707,-0.025451132070650556,0.03499750908005474,-0.004207646477325484,0.09402006854995971,0.046457216106420424
0.061999113983372434,0.03395017776445212,0.08997291183279724,0.045841910695532895,-0.0328217409205361,0.05589426787483006,-0.01780907398801757,0.05002317618667061,0.0116123223387307,0.011437503597098,0.07183182735316665,0.08133723283280457,0.09404512163490183,0.050459029379981556,-0.033864487958589845
-0.022237241103707464,0.00612647045124695,0.025796003462692303,-0.01499710570785306,0.026818491484283658,-0.015072222545868779,0.018508385340555066,0.009185626312869339,0.06181736042447095,0.0007344711691646872,0.012888577544982195,0.018261358084314387,0.02560247433276034,-0.007588625939343994,-0.013994903111885067
0.011506781972086292,0.06857101346985461,0.02030684864034215,0.0025244354222236044,-0.09209910121270622,0.046678988595195994,-0.014534639811015894,-0.009300566173692158,0.04997573163501042,-0.011854342949266267,-0.026613615662396454,-0.01849090160035918,0.029263487609862967,-0.00245441451188725,-0.06148046302556472
0.06161696060746799,0.010360427118618258,0.027301150331066587,0.02231611932434201,0.011748544163998304,0.021100474047027477,0.018878257539525167,0.007361241918066034,0.004597616678409521,0.0014353404685362944,0.01090764317927039,0.0008900497467457548,0.045117520305758184,0.01623836730688379,0.06228640546224406
0.0001838275688365522,0.027437889885880577,-0.021491076820446327,0.022445576503724,0.13306940982329815,0.027229094709790017,0.032754859821713264,0.03253639984606274,-0.018249353192074075,-0.003965770330800748,0.02506877505758084,0.03231648411825065,-0.003483579953276143,0.048036177327998635,0.046296348588688696
0.030580458851505104,-0.014431765000793073,-0.017170865577047438,-0.07711121517353951,0.011964964966047837,0.02416730609735657,0.004780215009539882,0.03886826638848003,-0.04204712940419428,0.06846999098502109,-0.013424238800650136,0.016086734119269003,0.0221766308336255,0.08348706398249808,-0.030839473368757593
-0.05255533871793905,-0.052642138287576426,0.015251780387647568,0.015005678811673532,0.03877923872464914,0.0294536241625076,0.008464645059596454,-0.0032438005385692927,0.03776672553756703,0.05311780838634146,-0.008977315653787933,0.00031397224528781424,0.0034983905515768524,0.021392026617408844,0.12869161669739448
0.007365422306996676,-0.03818721255095296,0.032965438055779984,0.027471425856868563,-0.007297219434810579,0.043646711329408346,0.03514713380858686,0.0247749462685164,-0.015438319606637444,0.021007898618143724,0.010649952219350636,0.005637170270312613,-0.027721803555638604,-0.0082619468359959,0.03992949532872423
0.016974246916334916,0.10045868413014171,0.03322918715637264,0.026459524903363035,0.06275825030807446,0.061495015916662274,0.02894942274078832,-0.009657761946289624,0.020094004898885156,0.05493126133580714,0.047464402311535536,0.015603591238769213,0.010338586538267469,-0.01198960093429233,-0.022670013879196937
0.012837135994328034,-0.01757696483895399,-0.013093360327809956,-0.018997911901668888,-0.0207306746438026,0.03434719642305243,-0.015991506612183307,-0.01736691879528389,-0.05666216698076645,0.006201096494663534,0.006846519034526403,0.08111647796737054,0.03349803276895802,-0.01200206240295804,-0.010273260318289368
-0.008019695442855457,-0.005749280223786852,0.008203588826170453,-0.00031064690597727197,0.005419897686307197,0.004976573295535624,-0.015585112672181838,-0.02614085192871376,-0.005725627707083203,-0.012473123738196062,0.023118363119541588,0.0042710846853228936,-0.019645035399819828,-0.004194733803095215,-0.0580818477979141
0.004103373498441008,-0.02655068677088094,0.0039226183851039705,0.011032000163092016,0.0031714480072839576,0.02489891344737645,-0.010401439439997343,-0.005314577459863827,-0.0003746479279838644,-0.006004834185519409,0.005735723552422847,0.027813348259670183,-0.02552284553451792,0.0007916415910689677,0.00040372624552724424
0.07203339218573207,0.1071269021467701,0.11757573436831965,0.16479404719483667,0.09273429992927464,0.12185971815601758,0.011260988647032288,0.16258592835162214,0.18111070734438053,0.17599082806277333,0.10029503269556583,0.16774536753027114,0.1373894655502055,0.19372674122622283,-0.012670788599192255
0.03272933388002938,0.024228370311769096,-0.007148242305922449,0.018185141286912756,-0.012899692233162579,-0.00816284501157278,-0.031050262439274213,0.009305696925885882,-0.020090224787846545,-0.009530919077411463,0.007782385555695147,-0.0007412098305743652,0.007593722581036472,0.040391899459379384,-0.03904855105820758
-0.009620308747435283,0.006068491399141649,-0.01611091712818745,0.0028872439999459354,-0.010431399229581188,0.014736473360924516,-0.017984840537411766,0.053050164095595,-0.008706589491884204,0.04091947728425989,0.12937997175530183,-0.015338516620974999,-0.05422918528588395,-0.028171794344205654,0.0005429864617956727
0.10514692061405125,0.02245223107737589,0.016059886423648417,0.0027409982287799764,-0.024354189624067404,-0.06778161340865722,-0.009131284532040236,-0.03151701542814024,0.09573319197156213,0.04524036100365886,0.06233897745841695,0.02736460130658936,0.006881760026893928,-0.04591650200987711,0.030813961994511287
-0.005713582871403328,-0.047088024472813836,-0.028109305378212764,-0.01793873734052967,-0.040552159670762984,-0.07240994537906971,-0.04872868864704274,0.0112862373048779,0.0005623231319149871,-0.03573064462406103,-0.048023474039616675,-0.006436206776825357,-0.043101394411463774,-0.02849123214301084,-0.09271567078968301
-0.05215020176927821,-0.042891328680958324,-0.031538365323945154,-0.05216394995599602,0.026730646395619072,-0.030150617329797277,-0.05295018427619839,-0.010014626020855278,-0.06315721645176228,-0.0018950658506428446,0.008700784395869,-0.029155790756374922,-0.012291290103828468,-0.03844975105367692,0.010536734506686525
0.036848549789036976,-0.017138892771083627,0.021872356685545394,0.048290675044516305,0.10357763608952723,0.013968246529061134,0.05457169028930325,0.014702295694219901,-0.021162718608476527,0.04412166953074488,0.08331167480411975,0.05244786228029411,-0.02854143651742456,-0.02618925291264269,0.09698817308007915
0.01603741103141633,0.025287015182617396,0.013577377024084215,0.01203911618752717,-0.06596269739569478,0.003278652237109107,-0.01146241379973561,0.03037961590527411,-0.004714014069576668,0.023557325549552904,0.0028488859626935657,0.020490741363230765,0.01468747421626683,0.014705612304968205,-0.035630043549167906
-0.002305052216626383,-0.029903529363995922,-0.016263736286751863,-0.013133390802021654,0.0019953935986726738,-0.017974971226611552,-0.044046553942289186,-0.021395227965183602,0.005002065009907113,-0.08665617516338275,-0.018874065397869247,-0.018460352241464976,-0.09928585622626872,-0.002743343076434514,0.18816700073178935
0.009331105899133588,0.016804274822969194,0.005493163391621411,0.018281827919792104,0.018715907664101018,0.028341356143065186,-0.012882806767041404,-0.007532821189309299,0.02234573729621764,0.04140496461546551,-0.01581013260033462,0.049068850319832345,0.051550255335951915,-0.02535431007831361,0.07744067161786086
-0.0721951964893162,-0.03292980379031723,-0.052455757239555034,-0.026312836602669,-0.140105566623563,0.0018244362598640249,-0.03894209664091712,-0.026230999593102423,-0.056176718932546235,-0.08659859260606402,-0.05856370938445824,-0.024703518664352032,-0.06243872574844755,0.00841185922061411,-0.024837439916138564
-0.09996395422352743,-0.09138897811061117,-0.11347514902607167,-0.11001770505630892,-0.16121737597080274,-0.1541199186053451,-0.10427761378524157,-0.12414890657628787,-0.1250904739061978,-0.15286096874857252,-0.14117264199182508,-0.15895872131085104,-0.15800754425263294,-0.18028857353839386,-0.15809961910546275
0.013578626399949924,0.0006592773386211115,-0.012926794743588854,0.0025218275546602855,0.020684349111410566,-0.004590494051594765,0.017594906465996724,0.005274663481741099,0.04192014446844524,0.04471675313879601,0.0011491523857988465,-0.011395414869953309,0.017278050512577553,0.07985585591715058,0.13705334020674428
0.016331888262639697,-0.032046508767826304,4.9563844223488506e-05,0.006968152391864398,-0.014848276788393679,0.002707609808391502,0.046388998891785264,0.015400176323089374,0.0037523287466136664,0.009162415391202926,0.018826165591630202,0.008492111252186792,-0.012241429632449142,0.03520293375508951,0.06153054650734812
0.02728747564099979,0.06897040207240511,0.0317537963295729,0.025742673074404938,0.018476317631011496,0.04680446756026999,-0.018507297727460174,0.010622590111631454,0.03039989694969804,0.028094309273638846,0.05758453777863764,0.04955512562226058,0.061348738930937306,0.03412183318777466,0.005926729130435568
0.04201634237404519,-0.02947760493954663,0.09994825373003847,0.0566070808732087,0.009285534354474632,0.05690877611622765,0.04257927177907227,0.037068538496170124,-0.012459197200482372,0.02765605505788885,-0.02838130059995195,0.011801289260382356,0.02903671665832655,-0.026450671533740235,0.045810007230531906
0.06829821191499999,0.004098392716432466,0.02077962220529184,0.016131732347794484,0.020397207387052536,0.0010207122269936272,-0.019627400845984952,0.019786340899858305,0.026331034092165907,0.02405220742797168,0.024881310822380973,0.01990035448156656,0.053859075297649876,0.0015132317614142059,-0.045460956750724896
0.06243501968765751,0.043052092300981434,0.07713021354911216,0.05431511058244273,0.07097003036678116,0.008747976457830637,-0.013522056791207307,0.04015580713666605,0.021711354444208873,0.04377652484318513,0.0508835359952902,0.02484461126989734,0.06844960163263437,0.09277060767317348,0.010711789391817371
-0.039872085854841456,-0.021351563946345055,-0.004141421022631032,-0.07325239742273011,0.008041980254459718,-0.11319457486383597,0.0050188416649649195,0.004821163014680101,-0.0010007820817837677,-0.08722691378144101,-0.01454463119617841,-0.07991799408016653,-0.07313998802405086,-0.11223981186580614,0.019698725667759615
0.020524786923390652,-0.0367732140801092,-0.04974983280580366,-0.04327216796838081,-0.1571235916259942,-0.0627602205438505,-0.04487030584895202,-0.1309778459310328,-0.07323448006978664,-0.07722966097031693,-0.041216143602329745,-0.0628658595951075,-0.08495169726893842,-0.02072033718823045,-0.11550654334421989
-0.035970545026990805,0.04393089061705841,-0.06164400927033154,-0.048203680487396636,-0.060313896464128346,0.008643729219491034,-0.01306846243017726,-0.06982988339025942,-0.00484733429334103,-0.024771037537905476,-0.06565858219737879,-0.02218294371002205,-0.030582531207383783,-0.03174438636586434,-0.04677099123777009
0.014204664125645665,0.00631814573017947,-0.013481445245274852,-0.01780294913174224,-0.08980692835368623,0.008596925413023922,-0.0157009700302414,0.00176663419115908,-0.037301484680751895,0.01704751519239305,-0.03659914786492939,-0.002567087425377613,-0.01612726662149603,-0.02227083428861307,-0.03743792288632233
0.020591694614571894,0.03473329676785172,0.0580720010844463,0.02933003772211202,0.03589735334125834,-0.038118841652967764,0.05671093258683636,0.024242892360462998,0.027024350778992498,0.061357372432236115,-0.030408090712586194,0.027175028896717107,0.05500421327873396,0.08566294455125312,0.07707932441630683
-0.012632119509672182,-0.019326919705553527,0.03297972552433587,0.023109675467136118,0.05994018927243286,0.004004626972170637,-0.00025653571678979897,-0.01691911727793594,-0.01292337236025337,-0.015038152090660398,-0.06794707189650437,-0.0434490959121366,-0.06659995332265484,0.006410930733294751,-0.021653222848260198
0.04728610150926537,0.030717768961230005,0.021514001531475674,0.002002857229854326,0.031133898906454082,-0.001058548737045147,-0.019027747703053363,0.04103183650135759,0.027527771392857302,0.029878535749029045,0.02197573994635197,0.05365985396582467,0.05042793623309927,0.026124850410674777,0.030479378672413193
0.007308418149736524,-0.0239774207110327,-0.006940357893242718,0.02061809528177627,0.03592476124379265,-0.011806378834282033,0.027965225218210717,0.035677934892851274,0.007465148255705061,0.03476373403696507,-0.003920067511612915,0.00448801694433432,0.007844519924418277,0.00971023692405467,0.01754293322368374
0.008352674206319638,0.0014044851322995739,-0.01981552782556405,-0.029562936141583875,0.02462497497680565,-0.020068457691360966,-0.005167656938548568,0.01838258269884875,0.008474152433579204,0.029452057428537032,-0.0009761564508039642,0.004976192247190619,0.0323127699172263,-0.023284524490426818,-0.03742816664899832
-0.004359870787068157,0.025437085922683934,0.005593721983253065,0.036791642635372906,0.002472419373170989,0.004892031958279964,0.015043518926669174,0.05507399943910778,-0.00042437367685255396,0.03437961724365904,0.014908345248324786,0.024916099545789664,0.030382786043491733,-0.00555159085777886,0.023899171699317583
0.019648583248639374,0.008585060574611956,-0.004613478831823452,0.008785805201088116,0.005864826323108313,0.020951927651398798,-0.0006779531497924299,-0.007362604719800549,0.008000974947190233,0.007166028468007143,-0.002078973052865606,0.0003050093710455343,0.014890230600453998,0.01968886927408018,-0.007929802853020891
0.042638070623519,-0.01697898865995112,0.07688259493166925,0.09302905721699489,-0.028114476937589866,-0.023604260771782404,-0.017749174291583604,0.019723608719791928,0.03226439158196554,-0.04802041519257,0.005578364814966343,-0.032679043361070095,-0.02931648308909056,0.015212342326942959,-0.062319818888135134
-0.0026421492684253166,0.00675085806663556,-0.02039405403066822,-0.0036513611423955967,0.005779707467728336,-0.030424265975601977,-0.008889472269344898,-0.028880978202718875,-0.012728162137201621,0.055131377418906606,-0.02719315894567286,0.031416285428338776,-0.005119632758550525,0.040379790649850054,-0.0028741585435594665
0.025322051232686202,-0.008993894588887906,0.01313513799252435,0.02403746043797494,0.01650993558403005,0.01974834042232216,0.027311768649669155,0.015179296691800515,0.0018240237290319354,0.03453487198483571,0.013716632449820094,0.0479715787192855,0.0438393619313447,0.064649595077269,-0.0009576957080967255
0.0352925259590198,0.03877391765392075,0.06343325458404239,0.06725998927979888,0.09618943402260675,0.007939201647964437,0.018970024867329488,0.1434767795042104,0.0011965926103513441,0.043431816576731536,-0.011204883999099264,0.03929127076999537,0.007335645453518201,0.032920514907834535,0.0886969718763604
0.007011136725528014,0.03327311513843999,0.02428826432133056,-0.0009778494865454964,0.06074147069306568,0.03756714243656752,-0.041977379047433386,0.05774167984284031,-0.004464618498369232,0.05740084411646042,0.06170541367379446,-0.0026427094698341716,0.10726991517110489,0.16899890767400375,0.04083832838677871
-0.029090727422220106,0.004137657246346017,-0.016975268878962134,-0.05644808948413054,0.00838255779643565,-0.08824399308820016,-0.024579226308989843,-0.031804357202537645,-0.08251059707498853,-0.1026928649162172,0.02369876407489067,-0.05715816086715779,-0.06987065501015495,-0.07464912378231714,0.03200407734976264
-0.029768817585333607,-0.039836591993562306,0.031418251186872116,0.00202272300767121,0.037029448394079977,-0.06109367501563379,-0.0407346171236063,-0.0036670244725973545,0.18252929755517436,0.015961844736585497,0.006608953399428897,-0.01389353590808099,-0.03621580350617292,0.011111680878734088,0.01637869835322567
0.03844758762433531,0.02441050165170121,0.06579453854531724,0.05717912307338769,0.037197075767684204,0.02488444179157045,-0.02267457485088363,0.05142297000481835,-0.01260948040690904,0.03864143637251906,0.01748677598440253,0.024612894709412397,0.034517274584206586,0.06632264751192621,-0.004944164402649318
0.036783165034326916,0.006698393556477158,0.0016093874686774774,0.008229559543420308,0.1197583616997252,0.0166953328463281,0.06324585587642587,-0.007339542229870421,0.000521787640032357,0.03091208886366584,-0.0035799504541786666,-0.006617356986386129,0.021904198036701357,0.06531843568043545,0.09608770731803623
-0.002171561870744246,0.016600227010868874,0.025448282310127933,0.006853869857183864,0.07792601619445445,0.022979564512127078,0.03243970722680972,-0.014349092694890564,0.013661304780852849,0.056356812599700094,0.004411693508059244,0.03924066552941963,0.013772401398415615,0.057702127051088604,0.007274987345929376
-0.017960608569478384,-0.031211998072165337,-0.04954135837629424,-0.021675291653834524,-0.0028233913853364847,-0.06378362968811592,-0.015236782088365191,-0.0230758829428345,-0.059862270100772004,-0.034351505304355434,-0.03756374484886966,0.015592858116158554,-0.027637336887600377,-0.04322536707737574,-0.06275557057906839
0.04661217635510355,-0.027915882125593077,0.0409819865399029,0.041059916311004634,-0.002354870133686143,0.0514395756060944,-0.023349277755342106,-0.0034688023035663934,-0.022480677588316855,-0.0030103082689366574,0.010284068637591352,0.028284923666321703,0.05462406719507848,0.02720913472997803,-0.04317489185840249
0.027248902402387865,0.034232727637030336,0.022912961153381973,0.003811425761973919,0.005275457667756335,0.004649615257395004,-0.020191500728811578,0.006268668481000662,0.020068188328660894,0.018518957948878527,0.00849416803440917,0.06454087087822485,0.03146838414965894,0.015202687223738161,0.031505831734443906
0.051303069305068116,0.032945435376848436,-0.044353562265341845,0.005926379789833668,-0.0016392360546335757,0.02268667749599918,-0.016481460081529526,0.08673468643850367,-0.016274971331565313,-0.04335405750242291,-0.04274132338450315,0.0013174579358915521,-0.019270818858167723,-0.0645110491741166,-0.10035159773286816
-0.03663764250905108,0.04828385893243007,-0.013140336885303382,-0.011381001280884932,-0.02854509469141958,0.0035896764797744276,0.0033960544780683756,-0.03495720825459885,-0.03695370971161473,0.004803251938833396,-0.03708194661908554,-0.021516618918459726,-0.012568713955135228,-0.06005973324545757,0.08608471601174303
0.0138878946293576,-0.01663970540561475,-0.005702104143778539,0.0026107347433493864,0.007349904280052905,-0.01391944983508401,0.022098864307085204,-0.021852722776601472,0.009383122903699947,-0.00019719110972628013,0.014057287983033632,0.008180168351128978,0.01007379186272667,0.03030605446724098,0.05284102499618486
0.043160976931751895,-0.017963755033899735,0.023191908940831972,0.04017752017416788,0.0698667419405394,0.009149142153268352,0.07802406773219231,0.0014449027862055272,-0.022355416890184405,0.056489737102412826,0.021752205611455497,0.0951430786075555,0.011805432385564755,-0.03162216909060425,-0.016127512278984173
0.03249033209012797,0.03282717701729467,0.018671785826095237,-0.007656699112059873,-0.007616553051905656,-0.0083988196771085,-0.018017540846415783,-0.002156229662620995,0.008868104565490462,0.011874052281218926,0.010279670709811329,0.07230303866833275,0.03637365768915302,0.017823342186755218,0.026662627713418117
-0.007286926658859467,0.009754083518336593,0.017686082549468705,0.001093304827572172,0.01913106217129048,-0.028623828487486045,0.02976922933390614,0.004071721245992392,-0.019772187778603283,0.03185840733397227,-0.012586213432374293,-0.002542346485003312,-0.0007255584710202296,-0.010806175880797617,-0.045087909960593114
0.008032749503111319,0.01616164383203177,-0.005663669683693939,-0.01877092448612527,0.19938585290545727,0.07129733525770049,-0.0493587954556657,-0.029159483182498832,-0.04296232833836872,-0.08855910830771126,0.0046637027947674286,0.05942468050680409,0.04932272122718277,-0.019900664759293214,-0.030523518010690278
0.026751783103410535,0.01721521392216861,0.02741443745257118,-0.004298846442154889,-0.009305225381489852,0.03906052484221838,-0.017967204673950337,0.026692751786830914,0.051677777360823435,0.05898970503024776,0.001052074516987589,0.038723228059766024,0.008454395592128244,0.09177188470960043,0.05297627648693233
-0.02602393708387568,0.005518472194381537,0.014800428058784355,-0.029500058243718718,-0.02006984541228221,0.057113439305501904,-0.019532951771027138,0.004692011616515581,0.030399771221724995,0.02849459376393192,-0.023633294058977305,0.018820487688439115,-0.009699817289562124,0.03824370712110346,-0.004244296622411318
0.028550506168458594,-0.01614560919542782,0.017593357287881865,0.029396487036697935,0.012537759220315768,0.05645921820648022,-0.01929645525660084,0.03984703987378948,-0.021067304857835496,0.06361603803861106,-0.004934205207620204,0.07509932274742592,0.05860482298594857,0.004737857861821323,0.030510649506377063
-0.013968390954044818,-0.04266380573102396,0.07060365728168506,0.016633235970554435,0.04139936848081262,-0.03576266972478262,-0.003993656053400684,-0.04298589870961497,0.04307973203704751,-0.04012631247550376,-0.026363708723680337,-0.035261121262037405,-0.03842225572984043,-0.039105346976671486,0.14054913872854127
0.04961051533958135,0.06579387624974971,0.045996816715728604,0.031614222144557835,0.09486640282502364,0.13913774692573586,0.058105542674084,0.07116545979144473,0.11337421499148077,0.04879411284945189,-0.02147457042404485,0.11635878405598193,0.05701674379079218,0.09670694680783343,0.046153107399091224
-0.04208243105468405,-0.008642902420459916,-0.02948860320661569,-0.0596787010538526,0.03663615536598445,-0.05852708681643674,-0.020967161677114255,-0.05322459231694346,-0.04503285307692348,-0.0652189312992229,-0.032126995440571016,-0.0385220389101904,-0.07567759346976798,-0.001645520124586177,0.05905249818464734
0.07230775580339832,0.0008162168846169677,0.020927733652372365,-0.036540857011935095,-0.027305044074192965,0.04317370372438731,-0.015540938268117031,0.07826520496516932,0.012989107682459797,-0.0011287046807778747,-0.009616642290679505,0.08311212769697116,0.05234954523311244,0.022440809024999286,-0.01960905822333126
0.00858487006333295,-0.003188194737431478,0.0032918505653773177,-0.010577175729898504,0.05428535289375099,0.09003948656025756,0.06042930051881523,0.11047043294911307,0.005200489479271339,0.022679338046689562,0.018062408568478853,0.04079244202569275,0.11392696268660274,0.005727055945540456,-0.0006068411172240673
0.07712685950427646,0.028812346747704814,0.02390087849572611,0.060123214799994204,0.06593653597850851,0.03203961352439913,0.03736578894242595,0.06458963558680518,0.007267444075570734,-0.02794104466345113,0.08038336015661815,-0.009240291882280099,0.011625379370707062,-0.03645429014245074,-0.026101995315211738
-0.03595525806756406,-0.025253012584752602,0.011003511369260179,-0.006814331120080475,-0.005601487926249741,0.014948959887288461,-0.046847598442219626,-0.04325581741074449,0.010949721586209464,0.03432757572528761,0.012170953974103579,-0.029358392197654196,-0.026477205517464065,0.04271428499016139,-0.009553780471545287
0.004220414629802629,-0.01840888729503137,0.005840712596252584,0.03112767607965888,-0.010105594689810479,-0.055889355596381446,-0.006795071632086811,0.04164389315524733,-0.03272415788855896,-0.0013810466296771966,-0.029090661617471765,-0.008958659656524048,-0.03060371223291627,-0.018791626169346185,-0.014987362863520284
-0.0197983933799988,0.09747568155019633,-0.005833999322031824,0.03195587972565099,0.014071692761882203,0.06307778988657403,0.01627663450909926,0.044826006682127266,0.03758673057382534,0.004999011690426876,-0.02462734498696622,0.047651168755784325,0.05555451032461869,0.01167789422233429,-0.053791454392433165
0.01335650939397947,-0.008375077506857736,-0.0008860972918124328,-0.015023292901088758,-0.025953687026836682,-0.002002822313139067,0.018721183131565233,0.004383648611889986,-0.007313976949763488,-0.02827367554002982,0.005632449607224355,0.017727502199589965,0.012433735740955932,-0.017686827442215884,0.09431521825598578
-0.02391612853122454,0.017284569098304465,-0.027498969738262543,0.016143360526816652,0.03525032209284026,-0.07267347248706439,-0.03698603435704932,-0.05643126645310025,-0.0844189679246021,-0.037929965596077655,-0.04717972318074187,-0.08227219281284963,-0.07025478010371225,-0.05891469360083145,-0.0017571653917285504
0.0072046752136160665,-0.030149713552354858,-0.01290729306091877,0.016158517700519036,-0.0015034993166274566,-0.011722542338616092,-0.030512319997793122,-0.02979802493580435,-0.0230937695588568,-0.010518977158854905,-0.041818106525815406,-0.02782392562565732,-0.05468927751166626,0.055342902212966484,-0.028257422254074082
0.009622312633554599,-0.02500277484119573,0.05328372947462792,0.03263205533808568,-0.006998148030416018,0.06308875907406276,0.0015720827069407677,-0.012116589164446707,-0.027213189687171298,-0.0023202319547487972,-0.016292574729449304,0.045358333190056346,0.029204885897364138,-0.015112271023643289,0.11322365400633204
0.007492272256965938,0.03212356558525087,-0.00023600790843205125,0.035188680911257694,0.07004725770509888,0.01933526697236977,-0.011016865905240104,-0.051632100857212405,0.04798903866147841,0.00017278294182477568,-0.011504018676817206,-0.010645071759491821,0.010487306921799472,0.04694640277092353,-0.06379778421920161
0.01107221631159872,-0.02341966286834593,-0.018425010338083976,-0.03964091894157149,-0.002838597865566097,0.007516685209225851,-0.01238031903178826,-0.02697079927519219,-0.049357187231242244,-0.0022047755390524506,-0.04275186618141869,0.011232579131957398,-0.023862148051180185,-0.0492444314364555,0.005614119592464066
-0.017321092632596385,-0.03075559812682823,-0.04842334905683698,-0.02120419547388381,-0.002362366623135651,-0.06459031063072888,-0.015559380279173602,-0.023316501383416052,-0.06107424971379442,-0.03472699352264549,-0.038249362527351116,0.015342754945594842,-0.02659631823555681,-0.04385635278155836,-0.06221125522669157
0.01461787323060717,0.05421093280630799,0.13720826341454456,0.01907958807087416,0.1831971080083721,0.2033834623145777,0.1588733818995873,-0.007272054041107902,0.10776683359037639,-0.006981136301239065,0.03706211522667928,0.07292188693938143,0.15896587472020562,-0.08328010877370653,0.2156115885287712
-0.027126679340303748,-0.05223883504926637,-0.03189698099812738,-0.041090022683818644,-0.07026808215075962,-0.018884553085207447,-0.057297600577429685,-0.06047463142222164,-0.07272017729749568,-0.009781662905279239,-0.03985219765673744,-0.07343747339895797,-0.026049303691979508,-0.03414129598275604,-0.10705055713626214
-0.06748940928239257,-0.0029225843373911157,-0.022015468004839212,-0.036255566545520604,0.012340460074304595,0.004716868207790376,-0.07073878418806,-0.05630089145643305,-0.07229285518392692,0.004123245154930129,-0.02346786817354415,-0.07891594747975117,-0.04008700030585883,-0.01977786796647912,-0.0018075734087807595
-0.010686968406587035,-0.016252789066379274,0.020817148368081063,-0.009494342492674035,-0.11464478576940303,0.014281010763055817,-0.05455453611563984,-0.01050034463294997,-0.023046229183545427,-0.05979391619927565,0.019540704715658757,0.004410144830556237,0.03523459870742351,-0.017450214056006254,-0.017350350537268182
-0.040258942593203145,-0.06163790090527345,-0.06086572618776488,-0.05962311517667188,-0.03400745072212553,0.002787393244713698,-0.04909265212417873,-0.07120359494537765,-0.015678299798553282,-0.07620959870657616,-0.07618121314232365,-0.023063220730225417,-0.060601652438064584,-0.12718116377417668,-0.0014120705392527365
-0.0004015264019585551,0.011797207806193075,-0.0017541948150449178,-0.0017386857637752481,0.06807744705685229,0.0068255055441938505,0.07410574462133289,0.006196208545133469,-0.033291942895075796,-0.06388245831255057,-0.01397081164733993,-0.0649696505198181,-0.03438783488067493,-0.056663157346854606,-0.0024440233556481923
0.0031047238134679633,-0.012954414439940972,0.024049164349613274,-0.021896360153551068,-0.021463353283781655,0.01593858481620094,0.06836603793685071,-0.009767653053946437,0.08136288827955213,-0.03272528347342957,-0.013935135365752005,0.016648132952175862,-0.05016075377951792,-0.02103218141538685,0.06045911345006985
0.035270452472623594,0.09178004152654101,0.0977406937306178,0.04045659998621927,0.06808766590320296,0.050656467819920385,0.0542307291028119,0.0271280908565106,-0.07306986989586475,0.05999328690579468,0.09605765805053074,0.05261717468828661,0.07258455825560378,0.009308656111114947,0.07382534072895518
0.03598269326092019,0.038778949664410915,0.06422955386303435,0.06749695846501334,0.09719048929980875,0.008883594152309056,0.017642013308438537,0.14411934105239121,0.0017103235584346446,0.04242093118571859,-0.012071454432129184,0.03895556176518389,0.007497981203419901,0.03287332640534755,0.08837301744444813
-0.009870839602822786,-0.05273014474404,0.01333531377787285,0.003930179866044568,-0.004323933791498266,-0.03209460899127222,-0.04806429549482767,0.010877307368685373,-0.05265697761031839,-0.08925246040907732,-0.03845711396827804,-0.029699436327667608,-0.04572308363163591,-0.0343969951939302,-0.04738804701581258
0.08010487725231671,-0.004407123090150732,0.0164188623689944,0.030496701935643026,-0.008626402202654284,0.056172565621702045,-0.003999943776056233,0.03350635339896817,0.024484921856913526,0.008418914157216973,0.08680677835208113,0.046515147127998285,0.06797724503336569,0.056851156832335444,-0.05319620911943061
-0.07497074482334333,-0.002002145632355711,-0.04513370628438405,-0.022023321486957827,-0.06442225252064519,-0.07119420640883223,-0.039125290945900545,-0.007610742753725554,-0.03879406155805692,-0.095738296667531,-0.0636052865835451,-0.06933531793788807,-0.08824036910836344,-0.014356413026794934,-0.11729638793940253
0.025886749982126863,-0.038574855704135984,-0.06986344144137283,-0.08580918773034592,0.01062707712019929,-0.05581731777177494,-0.03966839382603266,-0.06188455325005413,-0.09568252031587336,-0.07687665096333385,-0.055374548737982594,-0.15895872131085104,-0.13247224793162454,-0.07336607547191254,-0.03354184292335972
0.01256234513700617,-0.026848093609953275,0.004932519982045935,0.009573599689711396,0.059831668230801584,0.014848150024742194,-0.027025484963973855,0.005594470424870047,0.03715134785518743,0.014933591777329353,0.010975623436928946,0.019033030791041777,0.04052832504196834,0.03798911691069324,0.0039897135973698695
-0.019156572911422285,-0.03842546445237244,-0.032700272593220794,-0.03668994920242712,0.03521973902365678,-0.0009182331623081574,-0.05258110412755578,-0.09076899323046747,0.007591885661009253,-0.008512847020753384,-0.029383468080432514,-0.023002942471567773,-0.012940762834411776,-0.012559613711172816,-0.06352872817968992
0.026489166464021587,0.0018152982265284058,-0.004334060959593243,-0.0667282715520078,0.019892364285152606,0.10031534737426448,0.04158117410728426,0.07993835948937748,0.02337704511131853,0.0944338449261254,-0.003901337823231262,0.01005428340386421,0.07933879571477144,0.1937743535783879,0.016513238193749894
0.07617029496857154,0.028738075045797624,0.023535658717081017,0.06098209946013294,0.06544263973179061,0.03217493501135531,0.03850972335533415,0.06554907201503474,0.007538993150148651,-0.02817339503530737,0.07976478512494031,-0.009816181919908708,0.012824462003304369,-0.03654716374252676,-0.02540997582497989
-0.039827400800976014,0.007053448268144036,0.04943326989866974,0.05872055051238331,0.04620061505596067,0.0018711055706247379,0.07906118170147719,0.06257204369716901,0.009327971027938217,0.050036476766513904,-0.010967004634716214,-0.0095734036772327,0.03939957057196852,-0.016557098269301573,0.008544616576743089
0.0011869065033478833,-0.05927598494243413,0.010145817166962999,0.01487196568352674,0.05242955771638574,-0.04614392174317497,0.09418611068586492,0.0006514230861846162,0.03247042578463564,0.07545532001379335,-0.030478840963885704,0.08886712088221903,0.02928508598944954,0.06846173601656563,0.06133885919768566
-0.009151845581810328,0.012078636115636525,-0.0018971793797551498,0.009645342558600317,0.06334015349380444,0.05687170894143499,-0.013887595549744168,-0.009815333845457077,-0.0209968846157009,-0.06018109447367983,-0.03366829791264752,0.05537919372488513,-0.008173217875549822,0.02448390946261861,-0.01862549169812955
0.0670105556939481,0.05233719170185479,0.0057442480741033645,-0.002782483276534318,0.05497091195883152,0.014682400272417791,0.08615636351380919,-0.025389317723273765,0.00529017835381349,-0.05797200975653178,0.11374145616231265,0.004557695969189235,0.04762246469617247,0.04265192882814511,0.1061998989603382
-0.040979546979093416,-0.007996184498417718,-0.029523480474767168,-0.059296021145944205,0.036609203914736474,-0.05866979698779938,-0.020634525331531248,-0.053818068485232046,-0.0462105084158449,-0.06582284830559786,-0.03269513487157503,-0.03908984624471776,-0.07635358743083798,-0.0011734157085575249,0.06018845793801172
0.006093478923685087,0.03276834131536042,0.05719037107118309,0.021058525027478684,0.010352161004978235,0.01488417078686853,0.053207047785102914,0.05281067269488278,0.012163130125053174,0.07340489098763148,-0.023921177773843318,0.06832823561453029,0.03440199594351012,0.08481146747541211,0.06863403622968155
0.023409431261449284,0.032014909177991054,0.002889315696381196,0.0015570859834069604,0.010019634510537325,0.030886756229584075,0.023259310844409582,0.008349292247632053,-0.010671253552112575,0.003193756501481989,0.0021974283278936367,-0.007872228352093105,-0.0045103487545402636,0.025142347236979806,0.011910769069023825
-0.054108063913235624,-0.008061334442600402,-0.03493556410903515,-0.05525654748441046,-0.08273717599468296,0.008739967632246451,0.013568066965981266,-0.037384283633058686,-0.013139831837533818,-0.06405527706086282,-0.05017656725564858,-0.12502533421801426,-0.03659312599918182,-0.027702720542855924,-0.11950395621229676
-0.07420576875033628,0.0061578010412156,-0.004030483429419112,0.021335328146822475,0.027829572510551966,-0.09196433540202059,0.0022007062351493997,-0.00573119713556916,-0.031048442217484838,-0.0070629745742221885,0.06425668389212362,-0.009794677221357313,-0.02294168925205895,-0.010306629681383425,0.09448683115236806
-0.0719448314717507,0.11663907339685953,0.018319752619320406,0.10148492817494403,-0.037696621446850806,0.07685165547792959,0.0004130148591860021,0.001399802286515287,0.10405462822600034,0.06545151548942202,-0.04611373330233677,0.08237142519267387,0.025919819414897332,-0.014442231188958307,0.02332485186093547
-0.007381087889157265,-0.015387721238407048,0.0813871564075798,0.03537073247466436,-0.08985050561201713,-0.016882367806063333,0.03649850788862581,0.030291018503591616,0.05027396458890769,0.19929069232462868,-0.026593317556542876,0.03389876009256399,-0.0015344197735570224,0.08685982507567375,0.049936654200815445
0.029051175897750185,0.08385112069558612,0.037186655434279674,0.006441219895965493,0.017214603031079637,0.004537835413882566,-0.01917652012507692,0.003588953348413755,0.006665393311547689,0.04367507644033715,0.056616666593533524,0.0663460588859651,0.06909655695711671,0.053300911276703604,0.042092002632315766
-0.037996638246325806,0.0367392366530533,0.05575993504972858,0.01766968046742748,0.028258755400695033,0.012775667105074707,0.025474480969736448,-0.006494382400305625,0.012783983468110202,0.011090442786106134,0.0934832078262706,0.03761270828605478,0.02391997350590055,-0.010481268422170686,0.05637901995367475
-0.0024249710568507157,-0.0014069059287230344,0.010689988169280346,0.02154021598431666,-0.06488263153646148,-0.06521458680586215,-0.026327158126268103,-0.01361745154108833,0.03230472782426655,0.04000826045083145,0.0024140213171552727,-0.03702604915994453,-0.017140100218417102,-0.03356165034797779,0.09399878245853097
-0.024338228274767355,-0.06336596437506171,-0.02125578456968294,-1.99633193460932e-05,-0.05749646292958865,-0.018950408139000313,-0.029339640445324985,-0.04463362511086776,-0.07498957279328579,-0.014662945982026134,-0.04014870506242326,-0.020772928745401927,0.01163073194206428,-0.019676444326716724,-0.04102300307347019
-0.03595272000518657,-0.017293308525736916,0.0028760929225703493,-0.01513184648275349,0.038878842283733034,0.03780352832459543,0.01869609408100997,-0.0057995571226368905,-0.00014632166596448878,-0.004364903308370264,-0.009285697167556133,0.029838634366687773,0.02575025498653379,-0.02241884539905466,0.05262611271901083
0.001591809360842143,0.0001047102545288765,0.031730933561120694,-0.015105207584441048,0.017586405414916805,-0.07546179038265212,-0.02440445694971605,0.022459156792390404,0.015264179780807078,-0.00832845159893893,-0.018395492094904632,-0.024244171452825893,-0.0419630875813133,-0.02357682489296502,-0.07646994643758166
0.0033940688122480306,0.037686149246819095,0.036049052251509464,0.05815541061406861,0.0625746262017568,0.1021137434439203,0.009039233393160123,-0.005806891089182979,0.021160442090038093,0.025333982407167038,-0.0027548379273842714,0.02915283801104016,0.0574798930125062,0.01476968197870193,-0.018317367467648768
-0.03063274553042581,-0.021404554506890095,-0.02629881642528014,-0.02089828489982615,0.06671568261686384,0.04594055330792496,-0.04467585905291109,-0.06232706638700097,-0.02051401577145691,0.02417334138518405,-0.010927310581770745,-0.0016626361558079814,-0.04672373441750527,-0.019584679506850194,-0.01251947283082158
-0.011487374775070227,-0.021194547292056953,0.008267146063045575,0.022928601909694934,-0.008800133199582316,0.028032511216829356,-0.02362381794639924,0.013112306815390105,-0.03675707955108342,0.022848535837660642,-0.00011291055541963673,0.006695102072592849,-0.023533239716259736,0.03725866029083725,0.04645405169145238
0.09162145122195846,0.05580288012242524,0.011757186506687339,0.007954028332565847,-0.011683307057631478,-0.05738473823407014,0.0037420929220452477,-0.05977935207602188,0.04713804444821567,0.0312567366595878,0.007311734988737445,0.012561718908189839,0.008417887527470346,-0.014965115669810364,0.0410371084838033
0.04279181893862816,-0.024830646783745094,0.010199678601245763,0.04535220242899936,0.020521374739746148,0.009898607353837114,0.013563596710491125,0.015618588272757259,-0.011062521701834653,0.027414717676062326,0.005153315351254143,-0.007863699448984903,0.003094168823586115,0.10327447182751057,-0.01254967285502581
0.0031348094328284056,0.004134771718271144,0.008771866709300375,-0.0012377661798524888,0.010126111302643558,-0.026125949080961584,-0.004357931243780532,-0.015603621291174655,0.00963921020676264,0.006652777193110402,-0.032301060721609536,-0.034689883942948745,-0.005100024052950862,0.11008049627623775,0.11023966556084734
-0.007679641552984883,-0.1119758010757231,-0.01850075198182458,-0.021458995865391257,-0.057099695865699865,0.00825747875652367,-0.039614860522234965,-0.06450350022704399,-0.005888153872260802,-0.000399280766119927,0.001751304285053917,0.0003850067155390911,-0.03546578780482499,-0.04201657583003994,-0.10303547462711997
0.006861986429786079,-0.010707113140576232,-0.009682673558630417,-0.024418438292055516,-0.07115531337032399,-0.018005396164196465,-0.016583143483094025,0.01471402650445591,-0.03798212358936344,-0.0659322817627858,-0.04038986720543344,-0.004067195000266551,-0.023470173653607384,-0.02726792522729942,-0.008057811202369328
0.008417829940065017,0.0050710213328703175,-0.011026829711532848,-0.017737721419026138,-0.03377235417498602,0.01225606084547091,-0.02993256340443221,0.0013976352481518755,-0.03235074570588008,0.022275717909322975,-0.03674834156491974,0.01599326212329332,-0.013382159749684399,0.0017176439731518079,-0.010346885001771602
0.014458383358690142,0.05059297007946523,0.006482514312259956,0.014739387801544622,-0.00940229830076225,-0.007440799723231258,-0.00854967870092824,-0.012424673561342517,-0.011083778672672047,-0.0002027277046342851,-0.018980874423556175,0.03778033539483022,0.016910665211829837,0.05929790179693618,0.07133609502357817
-0.01294150850145279,-0.031140289645957588,-0.0014814423413764186,0.023671355524635982,-0.033090065818949896,-0.030108096244256227,0.019897379840290337,0.026697066685690062,0.08329460588908391,-0.018714333506482835,-0.027700676490075852,0.017939804945812942,-0.016294765601551645,0.02326532741491522,0.0738009127017393
0.026861572526452444,-0.011399975775662985,0.025252169341341817,0.15711175873548774,0.02561729390243739,0.11355808630057827,-0.01437743095780576,0.007704559260994833,-0.05955124669708416,0.1476937741909201,0.014129680492666939,0.10444322786316357,0.1222218900964783,0.09965915307024442,0.05404474802794327
-0.08941639102229665,0.00889812705081278,-0.03957133643183962,-0.007313631499752731,0.17331939205775462,0.06954309738992877,-0.017750003431255348,-0.08275837360687903,-0.049262550062319235,-0.027189891825136682,0.0025546137315675043,0.11891053555289864,0.1160376238670219,0.061347705980035874,-0.07911608675771938
0.023983032830320307,0.0516140845869377,-0.024416921107559685,-0.03584509310987505,0.024232485275397054,0.05913385426311351,0.044763527225085885,-0.04474118022764942,-0.03146795110899632,0.025194825271212168,-0.03678881891476016,0.0786829365393271,0.07768943215410738,0.08018447372837328,-0.0021623919101217744
-0.0047131912179686295,-0.006078885899061668,0.005596668694069656,0.0021368518049745856,0.005749889458328052,0.0062037268008701355,-0.012094278360858668,-0.023017757060717216,-0.010024590925124727,-0.015133318080079596,0.020023845067947528,0.004327846222577102,-0.021418553824878197,-0.001449787205324053,-0.05586429633807631
-0.02331149597484935,-0.0016853140350073254,0.03597990897059455,-0.002674272314758191,-0.0014301403701361688,-0.004864798217122133,-0.0002357188673486117,0.0027533004302701847,-0.03428198944248137,-0.06957643395830164,-0.018875130915336897,0.022714867571848645,-0.037555175377114974,-0.02795859395700056,0.15980497236074925
-0.038951073292963094,0.0006274344862397991,0.013225325941263345,0.005064561972062293,0.025288416685470414,-0.06573991575453977,-0.0881430743849899,-0.017212002785777912,0.1184619580290689,-0.008122798548269455,-0.024623996779350506,-0.008725031673432498,-0.03520695638611137,-0.001773789065381263,-0.04479015789505762
-0.010615013784426206,0.025794426661515497,0.030827964371105993,-0.026144665755470458,0.013241573921319402,0.0003774940918928216,-0.00846545360359973,0.011957199429632212,0.0064834764744646995,-0.01973973130819176,0.004433014640966445,0.0010573539791777996,-0.029111192482454303,0.0048024610070024395,-0.09527898424656504
-0.08166982085787308,-0.00579225629075385,-0.019070077301791236,-0.013440085495414887,-0.021464485756661218,0.0409688488556879,-0.06332763128384736,0.04871000787575214,-0.005084614515286004,0.04653513173228191,0.03140309640485272,0.06855544295465407,0.07565975840916726,-0.017999812029765524,0.057280903241887594
0.024592108436082193,-0.01932860894823326,-0.009923335442393417,-0.0025516093820991,0.05946426157489058,0.0019773704473558594,0.06890373177558165,-0.010897731427532947,-0.013174650140635348,0.011071030601572041,-0.006797436764903114,-0.034225588412915016,-0.023710993582203754,-0.004621085092987798,0.04972913486775102
0.018032403050344953,0.031366016125796425,0.05355835712366489,0.0830526236890773,0.0359375105012937,0.04801084158382113,0.08231801359205715,0.07020244504362044,8.831419567144078e-05,0.04892849772391247,0.08589138554181004,0.05082540250503501,0.058318263241039114,0.05450572951854282,0.0557562297882563
0.0004106490744103656,0.018923238007941292,0.005481187767025929,0.021525460579332276,0.0001995234982509035,0.026505873351132653,-0.0009728040647983163,0.019504434329018053,-0.046672372937699734,0.06776171173912797,0.015417157001661047,0.02720499739609609,0.03808596192892907,-0.006968454876169344,0.004636816333345523
-0.002221601293099935,-0.0022267163947204283,0.009645316576154948,0.012891378069883708,0.004618472487124768,0.018308023961537967,0.0011811700424937217,0.01913358735492223,-0.043518405133851,0.038958764264778775,0.007607090644618908,0.018805149929002087,0.0019838624039279647,0.043158575182495884,0.024554324612843334
-0.0029073015857862517,0.026513659292237885,-0.030927518943518903,0.012117863000495877,-0.012184438174210662,-0.01707006071174303,0.07031232863767241,-0.024218835406805892,-0.08177979969370026,0.038124667260889554,-0.01784847719512841,-0.02676460288584373,0.010773310023397289,0.022096935141788072,0.058335237120227736
-0.015528927576855787,0.02246867870857281,0.013200276025664506,-0.030193753005176408,0.02569354787381992,-0.03853340594471093,0.002156627548539978,0.027245428064646582,0.05999091933510491,0.015379208729623133,-0.021724247597090657,0.004509203953762435,0.008147174481894908,-0.00687764944131747,0.03817028201607855
0.00703907857888134,-0.03885044188516301,0.03283102332471697,0.028046553203365607,-0.008500577524735644,0.0433399603748297,0.03461150575862793,0.024684800120157495,-0.015724977259250792,0.022752296629304905,0.010865580699440538,0.00514840473674946,-0.025459881304686058,-0.00878894673148781,0.03812576115004742
0.015927591653551922,-0.009807886560928679,-0.03337615085690214,0.020908197965785916,0.020303697997887803,0.008027387631358055,-0.0012261979958844984,0.033235372012022285,0.03544345501954376,-0.028402262058973487,-0.017019029779096497,-0.01096183124786689,0.017327234443528856,-0.022978080410176936,0.037323561024480686
-0.0023116314061004646,0.0467021740641663,0.018318520121959916,0.010444884925353224,0.018576321330039863,0.01328254044275664,-0.005832495620770179,0.0028095944866683596,0.018937979171004145,0.05466003511998563,0.009394917495179409,0.04783204924585538,0.04410306103765416,0.043716793442582745,0.014260628851650935
-0.010679608924072388,0.017188912691735194,-0.0018989287452238672,0.01727252226353635,0.021437504322463104,0.003248315669555984,0.04049689635114939,0.03146348595989561,-0.010329203518457787,0.038477576712821544,0.010139027540617823,0.00631230779904374,0.016736239825318265,-0.01454023299131397,0.05149713882783537
0.043710334261600474,0.002415398901901684,0.01410247397199734,0.033486404555241614,0.00026760435518589443,0.01147883760513024,0.012123166190317017,0.027903845339367697,0.008800288002777252,0.04575862164966206,-0.004885617605312556,0.048633362068323804,0.01892484622701908,0.029957132569651664,-0.02547933975884645
0.03650678853289175,-0.004724559154229394,-0.0003390627975117759,0.010169982846939471,0.12524400798210716,0.010380678635878767,-0.03197101529961614,-0.035744022966450434,-0.041865510805458125,-0.08042117579012148,0.0112025447881691,-0.037086467412821636,-0.0629775896523251,-0.031698560414772876,-0.0012106516017303208
0.06505668004328673,0.08717389764860278,0.08562945001009586,0.04175205571100213,0.013284605100535998,0.10704273150183527,0.0004973964484051354,0.12854557991916699,0.02018781104261572,0.06571903199197808,0.0558227857286398,0.11204069887977819,0.07841080376238209,0.09814111903280465,0.012181250227225585
-0.032289046252230946,0.02964253829819789,0.04588899254192283,0.028175713886692058,-0.017717530717653713,-0.005676461305444947,-0.016936010736036598,-0.017701119948016337,-0.057405363522684646,0.03571452584458109,0.045294967056288785,0.03732680990276389,0.00157973559821886,-0.007762568255168123,0.05782202470156075
0.021908483078411128,0.004044945950107726,0.024988297843135148,-0.030872954126866702,0.02842303007388779,0.0058405892073088,-0.0285151051731007,0.008769730280354066,-0.0018119176171022763,0.007746017429346635,-0.016409101892707483,-0.0050432857404861565,-0.03940453456763546,-0.0140212932381525,0.020861251206391054
0.012193771184832072,-0.01825205185265553,-0.013756600070989618,0.01001493967583091,0.002533740721669733,0.07535100281327348,-0.06345947790439793,0.1629396991161108,-0.0013479188670380525,0.027739050633416213,-0.024253570572749218,0.09006140435872063,0.09950414203130432,0.016666391839252677,0.04449454706968021
0.00781775553296513,0.032447370413142766,0.07775506793732097,0.07952203007245762,-0.04119700280819511,-0.008656408695559484,0.041309522997702776,0.019633176363146557,0.12878583603043647,0.19552981479572634,0.04522285471043067,0.029446190865685336,0.034680871741713526,0.08787907639511215,0.08138640135946837
-0.022989359413989253,0.015133319728947296,0.004168087945269653,0.005858799328447133,0.010059663623034013,0.050488392006799235,0.022914053021348676,0.053490498825292734,-0.009132879461648348,0.015378279140930243,0.007311766683396648,0.037035979282944415,0.0270333748933345,0.03395085138468375,0.024721218352101424
-0.03635240612319182,-0.05706470888938773,0.0007718636094314004,-0.020335228968839568,0.002656408352618923,0.004302694052825168,-0.011523351661215039,0.008112333978677439,-0.029277047529860652,0.015537225883800425,-0.020965213652196953,0.00016590224730048597,-0.01819374010999994,0.008170062764337996,0.009037892442936636
0.03007428449447051,-0.030177944541035166,-0.027809077392172858,0.03646123815194121,0.035594912564506996,0.053082347440415886,0.029558878121665185,-0.016740539054300504,0.07521465887130858,0.02910036360826052,-0.00864290780403187,0.01984877195280692,0.048410721188932575,-0.026327302929836094,0.019612958821705134
-0.005281124069030564,0.04606845630883775,0.0578476862780727,0.02488552370981454,0.017455183962806892,-0.005084976575925871,-0.0445061013419356,-0.0029651537031406324,0.06324835080627554,0.03282840664682045,0.026529591329680014,0.0007437863877513859,0.04380372080572967,0.030166929664360968,0.03518528118798936
-0.01426202301936467,-0.06881521282085896,-0.11257399499865225,-0.06889439787881486,0.011021813832647307,-0.05983207120343045,-0.0996273819897282,-0.0033265503780605687,-0.09772154889905513,-0.15311618896937737,-0.05804847122652261,-0.10778478668911054,-0.12899419774728374,-0.10275208142471612,-0.009632228306122452
0.041969672538392906,-0.04035810441582578,0.032465148408108234,0.08598543498807498,-0.06932480041544585,0.02134792300688682,-0.006991293942307199,0.030016165742762762,0.011120699061214705,-0.010181364162514799,-0.014953931516505,0.01482869738923465,-0.01300275474438316,-0.0064371994166916875,-0.11677242316127054
-0.06318032420753085,0.009984118479730318,-0.008665771673255884,0.022992103240710313,0.026787205565029004,-0.08471031217983405,0.020935556307694864,0.0016593740621490569,-0.037018193471859084,-0.014863046582601899,0.05816624099359802,-0.020625957321134314,-0.034739722541681395,-0.01061097648310333,0.08473977661066963
0.006984027423986523,-0.02373150447612687,0.043535529250134396,0.012045411376528514,0.006793487412566312,0.04625177490395651,-0.022472853148216995,0.04795674697208238,-0.000619545597614028,0.0610594105907331,0.011049650009627768,0.02207202559865591,-0.018315751852488578,0.03811137572579323,-0.07224812136389877
0.013653298086625713,-0.042910267970144265,0.01722318893135064,-0.03260335158387231,-0.04144769171347073,-0.01940474775026828,-0.05346292983672387,-0.026579272204879333,-0.06607567461511184,-0.017848459916063986,-0.03327282864733365,-0.10942272352127369,-0.017689747688752783,0.01309405085460722,-0.01114975372770143
0.0026252204441556013,0.0014110255403522172,0.015214436281992661,-0.0112060838597146,0.10180804057692917,-0.11978001607859994,-0.04030682302176155,0.001801470268928853,-0.024119490449966915,-0.01314871849383779,0.011566290347810114,-0.11546372855814942,-0.013659148771970695,-0.032028207829174815,0.03791247188480255
0.03965128129290016,0.016442563527729662,0.03401282436092888,0.02244407242731315,0.008201622138543956,-0.0020015445196415434,0.10259029541590177,0.009239459167938443,0.025317365288418946,-0.0012524447164225197,0.0982219951625384,0.003970175392175991,0.00765413181390669,0.07270065163704952,0.018144571341318173
0.04793410180596728,0.030380993544221514,0.021637562119088353,0.0009391586605799827,0.030465513604045185,-0.0005714779787268501,-0.018696246637299817,0.04138960063691873,0.026082376221503556,0.02944670913031757,0.02239888059580466,0.0536193427502227,0.05028768977765762,0.026298613727231402,0.0277436490635174
0.02892981620904189,0.10508440172124008,0.011801641658789355,0.020448603543900875,0.039785119125267165,0.048672422918083456,0.037165527428464046,-0.021626415750868346,0.01596957612142562,0.050252113137785985,0.029047593900222567,0.00542813986874378,0.010947587580548864,-0.004196976723863646,-0.03698143357818475
